chrom	position	type	referenceBase	alternateBase	filterFlagGATK	geneList	functionGVS	aminoAcids	proteinPosition	SIBLING	CHILD	FATHER	MOTHER	PROBAND2	PrctFreqinCMG	PrctFreqinOutsidePop	FamilieswHits
2	2	SNP	C	T	PASS	FAKEDENOVO	missense	VAL/MET	313/353	C	C	C	C	Y	0	0	7
3	1	SNP	C	T	PASS	FAKECMPHET-MOSAIC-DAD-MISMATCHsib	missense	THR/MET	135/402	C	Y	C	C	C	0	0	FAMILY
3	2	SNP	G	A	PASS	FAKECMPHET-MOSAIC-DAD-MISMATCHsib	missense	ARG/HIS	185/343	G	R	G	R	G	0	0	FAMILY
1	2	SNP	C	T	PASS	FAKEDOM	missense	VAL/MET	313/353	C	C	C	C	Y	0	0	7
3	1	SNP	C	T	PASS	FAKECMPHET-MOSAIC-DAD	missense	THR/MET	135/402	Y	Y	C	C	C	0	0	FAMILY
3	2	SNP	G	A	PASS	FAKECMPHET-MOSAIC-DAD	missense	ARG/HIS	185/343	R	R	G	R	G	0	0	FAMILY
3	3	SNP	C	T	PASS	FAKECMPHET	missense	VAL/MET	313/353	C	C	C	C	Y	0	0	7
3	4	SNP	G	A	PASS	FAKECMPHET	missense	VAL/MET	313/353	G	G	G	G	R	0	0	7
X	1	SNP	C	T	PASS	NOT-CMPHET-FAM-X	missense	THR/MET	135/402	Y	Y	C	C	C	0	0	FAMILY
X	2	SNP	G	A	PASS	NOT-CMPHET-FAM-X	missense	ARG/HIS	185/343	R	R	G	R	G	0	0	FAMILY
3	1	SNP	C	T	PASS	FAKECMPHET-MOSAIC-DAD-MISMATCHmom	missense	THR/MET	135/402	Y	Y	C	C	C	0	0	FAMILY
3	2	SNP	G	A	PASS	FAKECMPHET-MOSAIC-DAD-MISMATCHmom	missense	ARG/HIS	185/343	R	R	G	G	G	0	0	FAMILY
3	3	SNP	C	T	PASS	FAKECMPHET-lowDP	missense	VAL/MET	313/353	C	C	C	C	Y	0	0	7
3	4	SNP	G	A	PASS	FAKECMPHET-lowDP	missense	VAL/MET	313/353	G	G	G	G	R	0	0	7
