chrom	position	type	referenceBase	alternateBase	filterFlagGATK	geneList	functionGVS	aminoAcids	proteinPosition	CHILD	FATHER	MOTHER	PROBAND2	PrctFreqinCMG	PrctFreqinOutsidePop	FamilieswHits
2	2	SNP	C	T	PASS	FAKEDENOVO	missense	VAL/MET	313/353	C	C	C	Y	0	0	7
1	2	SNP	C	T	PASS	FAKEDOM	missense	VAL/MET	313/353	C	C	C	Y	0	0	7
1	1	SNP	C	T	PASS	FAKEDOM-FAM	missense	THR/MET	135/402	Y	Y	C	C	0	0	FAMILY
3	1	SNP	C	T	PASS	FAKECMPHET-FAM	missense	THR/MET	135/402	Y	Y	C	C	0	0	FAMILY
3	1	SNP	C	T	PASS	FAKECMPHET-FAM-lowDP	missense	THR/MET	135/402	Y	Y	C	C	0	0	FAMILY
3	3	SNP	C	T	PASS	FAKECMPHET	missense	VAL/MET	313/353	C	C	C	Y	0	0	7
3	4	SNP	G	A	PASS	FAKECMPHET	missense	VAL/MET	313/353	G	G	G	R	0	0	7
X	1	SNP	C	T	PASS	FAKECMPHET-FAM-X	missense	THR/MET	135/402	Y	T	C	C	0	0	FAMILY
3	3	SNP	C	T	PASS	FAKECMPHET-lowDP	missense	VAL/MET	313/353	C	C	C	Y	0	0	7
3	4	SNP	G	A	PASS	FAKECMPHET-lowDP	missense	VAL/MET	313/353	G	G	G	R	0	0	7
